,testingvalues,predictedvalues
0,24.86833333,24.812486330542328
1,21.01066667,21.175620371666664
2,24.19333333,24.098842591111108
3,24.40416667,24.49693284087037
4,27.2525,26.855812743079365
5,19.63266667,18.144740254058203
6,24.82083333,23.945907987465276
7,21.291999999999998,20.796149433163578
8,15.59166667,16.04631481333333
9,20.91333333,21.522222222777785
10,18.09,19.039190524427738
11,23.5925,23.986065740767195
12,23.16083333,23.173508816677252
13,16.186,17.092793218636217
14,22.918000000000003,22.815075022803722
15,30.21833333,29.693935185555556
16,25.34066667,25.22130114675264
17,16.64083333,16.605712962222224
18,16.39,16.13513888944444
19,27.92166667,28.04865740611111
20,20.94416667,20.995120371666665
21,20.88083333,21.033720041666665
22,27.8675,27.20567314201099
23,25.1125,25.14774875707913
24,28.15083333,27.693296296666674
25,18.35133333,18.085463006457655
26,16.38333333,16.44878703722223
27,26.004,25.13916666611111
28,16.67666667,16.35888169464275
29,25.88583333,25.247175925000008
30,18.3075,18.192047840500003
31,20.74916667,20.94300925944444
32,15.6175,16.22648676211424
33,23.01,22.763379628333325
34,20.70666667,21.264074075777774
35,23.42666667,23.763542368282828
36,22.756,22.49141791614859
37,17.23333333,17.387885804555555
38,21.718000000000004,21.344388888333338
39,17.31833333,17.346344942717067
40,20.45083333,20.43753472416667
41,15.735,15.635698437319174
42,17.22066667,16.91885185222222
43,21.92,22.05292508266667
44,23.16066667,23.233925926111112
45,24.77416667,24.80738889055555
46,25.57666667,25.332685183888888
47,17.055999999999997,17.11894753055556
48,18.86933333,18.527917056217458
49,17.1425,17.129952556214384
50,21.66133333,21.77887963166667
51,24.75,24.886590736740544
52,15.8675,16.303666664444442
53,18.52666667,18.637696667090168
54,17.81,17.249895368166666
55,16.97333333,17.326518876305553
56,23.561999999999998,23.162574071111113
57,22.66333333,23.780913582296293
58,25.02666667,24.92576048991647
59,24.81266667,24.822843902687495
60,15.10916667,15.19619212884259
61,25.73666667,24.37996913796296
62,15.69916667,15.919267810114361
63,20.79083333,20.570780990738935
64,23.475,23.31209686400428
65,21.26666667,21.33422222155555
66,20.70416667,20.630046294444448
67,27.065,25.36245541721159
68,21.7575,20.41078752302381
69,17.72583333,17.583789827805514
70,18.09,19.008817385493824
71,21.794,21.65575925944444
72,23.87133333,24.475370885956796
73,28.26,27.360203702222215
74,17.1325,17.650745372814818
75,16.97583333,17.079861111666663
76,16.8875,16.733736693733604
77,16.2,16.89960185166667
78,21.77,22.39796759277778
79,16.7,17.508192543686974
80,17.7225,17.562453207776652
81,14.93416667,15.512870889669578
82,16.99,17.32566666611111
83,25.00583333,25.228768711209973
84,18.212,17.060155093208337
85,20.02916667,19.25698996925926
86,16.43166667,16.873706322248104
87,21.71416667,21.652907410555553
88,17.435,17.120205248444442
89,24.39333333,23.74647832536616
90,23.70066667,23.511984567777777
91,15.99833333,15.795165122907406
92,27.0925,26.67449074055556
93,19.41133333,18.41282539952381
94,27.53416667,27.58480555555555
95,21.78666667,22.763366666740737
96,24.71583333,24.3809135787037
97,21.99666667,21.953234341777783
98,27.07833333,26.81379629666667
99,27.54333333,27.161806165862842
100,24.52333333,24.26152698474603
101,23.92,24.26291666611111
102,24.55916667,23.65855008448653
103,22.52583333,22.656620368989902
104,22.575,22.444259259722216
105,17.805999999999997,17.837296296111116
106,25.06333333,25.43927577059259
107,15.22,15.431362025681587
108,22.074,21.930833333888884
109,20.3725,21.470111110555557
110,25.53333333,25.306137125767194
111,20.93666667,21.37504321018519
112,27.044,27.009499383013228
113,15.38166667,15.480714286304346
114,22.29583333,22.34994444500001
115,23.7275,24.76004166688889
116,25.28416667,25.161712962777784
117,19.158,19.774388889999997
118,16.7125,16.620832563350532
119,24.42333333,24.553187260532408
120,25.58083333,25.42469047599206
121,26.1875,27.513749999444446
122,18.80133333,17.525224783054966
123,20.80533333,20.811296295555554
124,30.0325,29.621435184999996
125,21.78833333,21.904249156111113
126,18.59166667,18.718895817470784
127,24.37916667,23.700675925101006
128,18.17333333,18.405036874282395
129,17.26416667,17.252984824429017
130,14.93,15.111550926875005
131,20.50583333,21.07234527133041
132,21.525,21.682299383611113
133,15.09083333,15.29117746911111
134,18.97416667,20.270592593333333
135,26.35866667,26.26019332362069
136,22.4975,24.176018517777784
137,16.29333333,16.30721990757176
138,20.97666667,20.766796299499998
139,21.444000000000003,22.357413580185185
140,20.98933333,22.29377932092593
141,22.145,20.030239683857147
142,15.395,15.437778635064708
143,26.07833333,25.865809393407307
144,25.19,24.423493517166662
145,14.90166667,15.233796295
146,16.72416667,17.041713195630543
147,19.66266667,20.075592594444448
148,22.706,22.708521186497588
149,23.06416667,23.003287035000003
150,24.45166667,23.838194442916663
151,15.145,15.320475535029926
152,29.42083333,28.14680555833333
153,25.02,25.110210115341882
154,15.3,16.34844753185185
155,15.41916667,15.21530864296296
156,15.95466667,16.1391296287037
157,16.78583333,16.870004951607378
158,19.315,19.15047164583334
159,27.26583333,26.495833332962967
160,16.03916667,15.827790125759257
161,17.92866667,17.318089212479624
162,22.54916667,22.34629629472222
163,24.65666667,24.78268897583185
164,26.425,27.73921296333333
165,20.38,20.42697916513889
166,19.98833333,19.489790123796297
167,20.29666667,20.88123601916111
168,25.78416667,25.537745368888892
169,17.53333333,17.686791666666668
170,15.57833333,15.679861111111112
171,20.00666667,20.136194887566134
172,22.45916667,22.41936111222222
173,14.91583333,15.836233025455028
174,18.61066667,17.846981480555556
175,22.51333333,22.525206282428808
176,15.94833333,16.109398149444438
177,22.60416667,22.103212963333323
178,22.41583333,21.780331790555557
179,20.90933333,22.45411111222222
180,21.011999999999997,21.283978394444446
181,15.64583333,15.616547203041401
182,27.38916667,26.36569444388889
183,25.43933333,25.185201178779565
184,24.92916667,24.92576048991647
185,17.53333333,17.586327626968963
186,17.38333333,16.567786007386086
187,25.65,25.08640621815873
188,18.01083333,18.26191402214286
189,16.41,16.836477625083333
190,14.98916667,15.388074072222224
191,22.53866667,22.493718091868164
192,21.66933333,21.743148149861113
193,21.03933333,20.94779274531676
194,16.42583333,16.480730037855977
195,18.09,18.20120370388889
196,20.05933333,18.951538729561403
197,20.98533333,21.25598147944445
198,23.89916667,23.836472223333335
199,22.58416667,22.849398150555555
200,20.85,20.841694441990743
201,15.99416667,16.018425925185184
202,24.00833333,23.92561467294872
203,19.09583333,18.85657098555556
204,28.29333333,27.01642592666667
205,17.62166667,17.32511959976852
206,23.74333333,23.409435184000003
207,15.85833333,15.666888375045087
208,26.60083333,26.119055556111114
209,16.66833333,16.721222223388892
210,16.6725,17.092454223939683
211,25.72416667,25.26671296222223
212,17.47,18.42482067927778
213,17.2225,18.61866975203704
214,24.53966667,24.71713792590178
215,17.00083333,17.135
216,22.81583333,23.810360423793558
217,21.6,21.376666664444446
218,17.68583333,18.109211917103178
219,19.18833333,19.262535786388884
220,19.79416667,17.993879629444447
221,29.89416667,29.653148147777774
222,22.14933333,22.35793827027778
223,15.05166667,15.189319707076773
224,22.38916667,22.61217592555555
225,25.96333333,25.329805555833328
226,24.38416667,24.236301387861115
227,15.1975,15.33638156947895
228,21.33266667,21.35170061611111
229,23.5175,22.367500000277776
230,19.45133333,18.14011371037302
231,27.28583333,25.253194443888887
232,15.61083333,16.140185184999996
233,18.744,19.225407409166664
234,16.11833333,15.979135801203702
235,20.58833333,22.164441358888883
236,23.29083333,22.982296296666664
237,22.455,21.942313272777778
238,17.87416667,18.120067431497343
239,25.605,27.021759260000003
240,25.86466667,25.30880739154552
241,24.0275,23.830944333961636
242,19.95733333,19.710140741444448
243,19.095,19.976621906489896
244,24.63083333,24.36824073944445
245,22.52083333,22.424953703888896
246,22.35583333,20.753154323333334
247,16.85,17.57962819051105
248,21.49666667,21.580018518333333
249,21.86533333,22.071120370000003
250,27.96333333,27.883796297222226
251,21.78,21.262766730316763
252,14.845,15.457777776666667
253,23.30333333,23.44341666611111
254,17.765,17.991544752814814
255,17.652,17.10155555388889
256,28.99333333,27.83010185388889
257,17.49933333,17.450385802901238
258,17.55,17.569675924444446
259,24.18083333,24.129549845222225
260,21.4025,21.438977989478552
261,14.81266667,15.460638887777773
262,24.18666667,22.614981482222223
263,25.07,24.989839340181216
264,26.29266667,24.75312268652778
265,23.20666667,23.11748518772222
266,25.54916667,25.163899047811253
267,22.976,22.657783949537034
268,19.92,20.123750001666668
269,20.5825,20.60531828662037
270,21.07833333,21.433570581367448
271,24.37666667,24.332353681356224
272,22.47833333,22.609560186481485
273,23.805,23.721689814444446
274,20.84266667,20.84266975143519
275,22.72666667,22.56012962888889
276,16.24666667,16.646372464830684
277,22.90083333,23.531385802407403
278,16.03916667,16.363050928888885
279,26.1975,25.843920306333235
280,23.4675,24.24202314981482
281,29.12916667,29.063194442222215
282,20.58533333,21.305814815
283,24.065,23.996819444777774
284,21.84416667,21.818712120444445
285,20.70416667,19.674150369022225
286,23.29416667,23.109666666111114
287,16.0475,15.9146450637037
288,18.34166667,18.524361012525958
289,16.86333333,17.21053713661752
290,24.55,23.53303703911111
291,20.74916667,20.492879629333334
292,29.41166667,28.940046296111106
293,25.68833333,25.550134258722224
294,16.77916667,16.770054254737854
295,17.13416667,17.205420524729938
296,20.675,20.05372477558307
297,15.245,15.876547068201054
298,20.96466667,20.91094814965278
299,26.20933333,25.57384259166666
300,18.95916667,20.78271750113726
301,24.9125,24.33484722259259
302,26.075,25.33199206373016
303,23.68933333,23.195666667777783
304,25.83133333,25.275619907083335
305,21.35916667,21.29064814944445
306,17.23666667,17.440401936190238
307,23.42916667,23.44058734579012
308,19.2875,19.217638806979938
309,28.79333333,27.100986111111112
310,22.214000000000002,21.833092592222226
311,16.35583333,16.25704629632176
312,17.49583333,18.168284239007804
313,21.97533333,22.347962963333334
314,22.125,19.356262180364464
315,19.862000000000002,19.92761419490741
316,23.48666667,23.518641113180614
317,18.03833333,17.763546668484086
318,20.2325,20.365601853333335
319,21.29916667,20.847712960555562
320,22.48333333,22.651746915092588
321,19.27666667,19.863379641777165
322,15.8775,15.697244856259257
323,22.09,21.618092593888885
324,24.49166667,24.37670061814815
325,18.73,18.79194865373737
326,18.54333333,18.931273086913848
327,15.72416667,15.735468365638887
328,19.92933333,20.110101852499994
329,14.5,14.873750000000001
330,29.03166667,27.74212757188272
331,17.436,17.223037039444446
332,19.6425,19.672916664444447
333,20.60916667,20.569899689351853
334,23.045,23.26677701298148
335,21.388,21.393237653888892
336,19.29333333,19.769583330185185
337,25.41083333,24.642083172361552
338,21.18066667,20.95962407298611
339,22.02333333,21.96029629583333
340,19.82333333,20.021435186666665
341,17.5925,17.732932952903173
342,23.65333333,22.33037036777778
343,23.58666667,23.329449073333333
344,23.83733333,24.45968518333333
345,18.53766667,18.38937661307239
346,22.61333333,22.803682097731482
347,20.82733333,21.414305555555558
348,20.798000000000002,20.80951851777778
349,24.075,24.026806471202693
350,23.40333333,23.24917746796296
351,25.60866667,24.683425155092593
352,26.82416667,24.934861111666663
353,15.5525,15.707168337964504
354,27.31,27.16611111325396
355,29.21666667,28.891157407777783
356,16.64166667,16.559541269409138
357,22.34416667,22.236604938703707
358,29.26916667,28.85939814833333
359,14.30416667,15.580962965555553
360,25.7,23.79210185333333
361,16.33583333,16.462175924444445
362,24.365,24.429392746398143
363,23.13833333,23.09249999944444
364,26.60416667,26.89024382703704
365,21.45,21.406888890000005
366,16.16416667,16.203769355694856
367,18.6925,18.930834024348766
368,16.30666667,16.388488173977052
369,16.94583333,17.441968721972223
370,15.84833333,15.726315915141647
371,23.15916667,25.25100555488889
372,24.35333333,23.83705555621212
373,16.887999999999998,16.072711418602136
374,24.77416667,24.46015007640278
375,21.20083333,21.438148147777785
376,17.585,17.574665048281705
377,23.92333333,24.25526234759259
378,20.75066667,20.873580247592596
379,24.785,24.70577469021297
380,15.21166667,15.30741258656205
381,27.86333333,26.683075757020198
382,16.79583333,17.026647609225137
383,15.4275,15.353393400682652
384,22.3275,22.947087962499992
385,23.51333333,23.288226849777782
386,26.98416667,26.656712961666656
387,22.49333333,22.357165124999998
388,19.3425,20.3474183094127
389,21.46533333,21.584574071666665
390,23.9475,24.169598468087614
391,21.59866667,21.52962962722222
392,21.40466667,22.55636111222222
393,22.5,22.48324433404785
394,29.2275,29.110370367777776
395,23.075,24.705433932918297
396,18.11666667,18.061027540023492
397,19.075,19.123194429261886
398,23.2975,23.325484125658726
399,16.20083333,16.00853394981481
400,15.23416667,16.284704442956617
401,23.46666667,23.94595082354321
402,18.80416667,19.025015431898147
403,20.93416667,21.31891640862655
404,15.275,15.415441797548223
405,22.45916667,22.378749998333333
406,20.685,22.039969135555555
407,15.9675,15.838286265064815
408,21.95933333,21.944157407777773
409,16.1475,15.832425927111112
410,22.9975,23.35993518472222
411,17.2,17.380030350882716
412,26.75666667,24.892690740444447
413,16.51,16.519078409170532
414,22.526,22.417425925555555
415,23.38666667,23.734722224444447
416,27.0825,26.37338659707408
417,22.70333333,23.276638888888883
418,18.54333333,18.70785957004629
419,21.03583333,21.092453702777775
420,18.88416667,16.424873457314813
421,23.8125,23.90018707826515
422,16.27583333,16.64273148166667
423,18.05916667,17.467037034814812
424,16.94,16.953673063842206
425,27.78166667,27.214537038333336
426,22.31666667,24.947398148333335
427,25.85733333,25.435401234259256
428,18.17933333,17.843151666152423
429,18.00833333,19.021780349382716
430,22.41416667,22.34023147888889
431,15.7875,15.709265688981484
432,21.01083333,21.02318364253395
433,23.146,22.700995440723243
434,24.68533333,25.310299254292733
435,22.13866667,22.009703701277775
436,20.22333333,20.515486112500003
437,23.904,23.859762492971782
438,15.86583333,16.309596698747026
439,24.45583333,24.664366629846224
440,27.3,26.24037036944445
441,27.27833333,26.888165476531743
442,21.81066667,22.439768518333338
443,25.561999999999998,25.7182839487037
444,17.34916667,17.715708333333332
445,21.77333333,21.826157408333337
446,23.03066667,23.38109259388889
447,16.0775,15.491250000555555
448,14.36266667,15.248103174841269
449,18.41416667,18.08025925933333
450,18.74416667,17.816499999444446
451,16.7,16.89527825123146
452,22.50166667,23.151712962323227
453,19.6925,19.966659724722224
454,25.4525,25.564309963638227
455,24.1125,23.038773148434345
456,19.81333333,19.947025463055553
457,20.1875,20.059490741111112
458,17.65833333,18.21968518527778
459,19.955,20.000879631666663
460,22.03933333,22.29927777777778
461,25.9925,25.175833332222222
462,15.71066667,16.553361109999997
463,23.75833333,23.096009258592588
464,25.77416667,26.351635186555555
465,19.78666667,19.622009812655417
466,19.29166667,19.404225216609476
467,18.2225,18.277986388316783
468,29.16,29.093472221111117
469,16.416,17.138222775597
470,23.43833333,23.561135031126266
471,17.43833333,17.301863543448373
472,19.78733333,20.046722222777777
473,25.57083333,25.08305555555556
474,18.94416667,19.03414352
475,17.24166667,17.412268996632502
476,26.4675,26.432479589444753
477,17.40166667,17.101614127494763
478,17.4125,17.332626543399467
479,26.00083333,24.140223084190918
480,21.15333333,21.173916665555552
481,25.46583333,26.549606481851853
482,16.86916667,16.753304034113363
483,28.955,28.26833333222222
484,18.8175,18.537458532970792
485,22.37933333,22.374619508047868
486,19.18666667,19.367587495853403
487,16.565,16.57626851888889
488,20.42583333,20.46335648370371
489,16.56333333,16.76193312354653
490,25.98333333,25.064939351305554
491,16.34416667,16.304540123321758
492,13.88,14.089000001111108
493,15.245,15.358754355866056
494,21.58933333,19.290062757160495
495,20.415,21.189685184888887
496,23.55,23.402528913370645
497,20.80583333,20.573175927500003
498,15.94166667,16.001527779999996
499,16.765,16.992497446137893
500,17.7025,18.312560185777777
501,23.26866667,23.03155555444445
502,17.09666667,17.32202160512346
503,17.66666667,17.042008156216934
504,19.21916667,18.030646723547008
505,16.85833333,16.803060396191626
506,22.336,20.800646514248367
507,16.37416667,16.501064817777777
508,16.14333333,16.211284180501778
509,23.9175,23.808101851111115
510,19.75066667,19.592867282777778
511,22.95466667,22.940316058174087
512,21.06533333,20.971450617037043
513,27.46133333,27.440434303809518
514,24.50666667,24.584729346389164
515,23.95,24.177103778541664
516,25.02733333,25.14516326018168
517,23.50866667,23.350827160555557
518,18.68666667,19.258307557658956
519,25.01416667,24.961660052301593
520,20.055999999999997,20.025360801888887
521,22.25833333,22.418518518333336
522,22.6725,23.007268518333333
523,21.97066667,21.661750001111113
524,23.18666667,23.21003667955983
525,21.158,21.227740742777776
526,22.39083333,22.42467592388889
527,20.55583333,20.544103273858028
528,20.012,17.188813613777796
529,23.854,23.995424692574076
530,24.20833333,24.32214675137522
531,22.71466667,23.429981480555554
532,17.02083333,17.32675267038047
533,21.145,21.358327525737813
534,22.44083333,21.75121142037037
535,15.69,15.746005398873791
536,26.86,25.567786090209033
537,20.71933333,20.979022222083334
538,23.06666667,23.82750000277778
539,21.11416667,21.20051851944445
540,18.93166667,19.16413288020772
541,27.01416667,26.368916666111108
542,15.13416667,15.19960185277778
543,17.91833333,17.396209650127453
544,23.22583333,23.248755816967236
545,24.97083333,24.788226081111116
546,16.97083333,17.11659356450409
547,26.092,25.174148145833332
548,20.92333333,20.334203704444437
549,25.12666667,24.84463909149055
550,21.7725,21.649120372777777
551,20.4375,20.58776851777778
552,25.20166667,25.432901969562607
553,21.3275,22.92078292233333
554,20.84833333,20.38874999888889
555,23.14416667,22.98565432222222
556,17.1375,17.09102256159087
557,17.52083333,17.25399691314815
558,15.56833333,16.046986306998445
559,16.95083333,17.002695847796108
560,14.705,16.245811396939153
561,22.37166667,22.360833332222224
562,19.27866667,19.58346296444444
563,21.51833333,21.43569444462963
564,20.56583333,19.964535053597885
565,22.27533333,21.99849999888889
566,22.49933333,22.586819443055557
567,30.1275,29.878703703333322
568,22.74833333,21.69203703722222
569,15.41133333,15.93840740611111
570,21.19066667,21.02911549652047
571,20.7375,20.880223380694446
572,26.5325,25.390833333888892
573,15.335,15.334392114983578
574,23.65333333,24.139444445555558
575,24.1,23.648310037663144
576,23.15333333,22.808796294999997
577,19.3225,19.33455092611111
578,22.17666667,22.051898148333336
579,16.8375,16.68824121512035
580,17.85833333,17.423657407222223
581,24.32083333,24.201712947422926
582,22.2,22.658495369722218
583,26.63083333,26.966819036452378
584,22.34066667,22.361945061555556
585,25.80066667,25.926407408333336
586,24.125999999999998,24.088148148888894
587,17.2425,17.208132716296294
588,16.03916667,15.739074076111105
589,27.98,27.573796297222216
590,13.16,13.719120369444441
591,17.40333333,17.592095974571773
592,15.58333333,15.588695435773808
593,29.44416667,27.713611111111113
594,21.12266667,20.429842591666663
595,19.24666667,19.224611111388885
596,22.78133333,22.756486621285404
597,16.55416667,17.08421990886905
598,15.99666667,17.098477623750004
599,16.21,16.120200615925924
600,26.71066667,27.03903703777778
601,28.5225,24.72152777833333
602,20.855999999999998,21.07285185111111
603,23.6875,23.711310449470897
604,18.925,19.31044126780392
605,17.00333333,17.508159911042856
606,26.92916667,26.611877738666983
607,20.50333333,20.581149689351854
608,21.31333333,21.311749999888892
609,25.07583333,25.386388889999992
610,22.52,22.422888888333333
611,19.51666667,19.914185186111112
612,16.03916667,15.795243829092591
613,23.02466667,23.108787035000002
614,22.18916667,22.20090740777778
615,23.962,24.650718833846227
616,18.71,17.769250002777778
617,23.0725,23.145789929533883
618,24.59583333,24.680596723329366
619,19.135,19.28268448391414
620,19.72,18.63117254506898
621,15.4075,15.393172716920693
622,19.1675,19.416287877247477
623,19.41416667,19.76525718257381
624,19.665,19.682606391675264
625,15.12666667,15.235792063627096
626,24.22166667,24.500386883657413
627,24.43333333,23.84247685175926
628,22.06,21.94761574208333
629,23.866,23.819417991031745
630,18.18416667,18.097464507722226
631,15.70583333,15.975057870555556
632,21.48916667,21.379438637404483
633,19.81266667,17.82527314761111
634,24.975,23.437454193684207
635,28.74916667,28.416759258888884
636,20.64,18.9313559423682
637,17.69,17.702307098518517
638,21.33333333,22.08943518666667
639,24.85066667,25.45573740644023
640,24.1025,24.708272763429008
641,16.88133333,17.220722223703703
642,16.89333333,17.57350243326923
643,19.04,18.82077777777778
644,18.72533333,17.70468901278889
645,22.2,22.244259259444448
646,21.10333333,21.12083333333333
647,18.098,17.47671296325
648,20.872,20.900703703333342
649,23.03466667,22.85707922039352
650,23.87133333,23.484131482250003
651,19.93833333,19.97810184944444
652,16.03916667,16.80618518611111
653,17.788,18.18699753001852
654,22.68666667,22.761574073333325
655,16.5125,16.876839727439112
656,14.8175,14.876556437986775
657,20.91666667,21.235507308858185
658,16.8125,17.00767460690125
659,23.87666667,23.95651168616931
660,20.81133333,21.162851852222225
661,16.06,15.944212962777776
662,23.93083333,24.14588624388889
663,23.04583333,23.208812917393164
664,15.1025,15.129631062940165
665,15.26,15.45870370611111
666,23.32416667,23.4903953265
667,19.81,19.350498147962963
668,17.8825,17.91074203346681
669,20.56333333,20.91094814965278
670,24.5475,24.48824074055556
671,18.41066667,18.06237036944444
672,14.8425,15.168870370555554
673,22.44533333,22.476389261060216
674,23.71333333,23.688134920396823
675,16.42583333,16.471890434691357
676,21.9525,22.009351852777783
677,21.734,21.58187037111111
678,15.32666667,15.746894083950309
679,20.90466667,21.120648147777775
680,21.11466667,21.276811727777776
681,20.40266667,20.26903703555555
682,23.42833333,23.61140699852717
683,18.60466667,17.39650386847672
684,18.51416667,18.459083234748178
685,16.05416667,15.832425927111112
686,15.2525,15.399027779444443
687,19.14833333,18.886111112222224
688,21.85916667,21.549907408888892
689,15.70583333,15.724641974740742
690,21.342,21.33611111055556
691,24.25583333,24.82916666694444
692,25.87666667,25.878660422052192
693,15.13416667,15.247165232292645
694,22.62666667,22.77569444388889
695,20.9875,21.235507308858185
696,20.47083333,20.485541246209042
697,18.21666667,19.434629631666667
698,21.89166667,22.105370370555555
699,15.87833333,16.298410052142856
700,20.725,21.516018519444444
701,19.81166667,19.926203704444447
702,15.96416667,15.81784259377778
703,23.85,22.868194444999997
704,21.58866667,21.182685185
705,26.9,27.328912963
706,20.3,18.224814815370372
707,16.76,15.769953702777773
708,18.73916667,19.06175327150585
709,22.44266667,21.65483333277778
710,22.54083333,22.444601851666672
711,18.46416667,18.106422185342314
712,20.24266667,20.237074075
713,20.46666667,20.414891459901234
714,17.63583333,17.453131431202607
715,16.99333333,17.114306256640628
716,27.17583333,26.772014386974213
717,22.37666667,22.45684773740741
718,16.32333333,16.25450926
719,20.28416667,19.085211110185185
720,17.30333333,17.472756175555556
721,27.40833333,27.039614583777777
722,24.772,25.55839832601815
723,23.84833333,21.990990740555553
724,16.905,17.257513118972227
725,17.41333333,17.27930854121856
726,15.3875,16.264888557865078
727,15.40916667,15.818666666111106
728,15.9325,15.679116769592591
729,21.188000000000002,22.030887037580243
730,21.52916667,21.549620371111114
731,25.59833333,24.7843489860582
732,20.79266667,20.800629627222218
733,17.09583333,17.109550967261907
734,20.916,20.931419753518526
735,24.8275,23.813981970350873
736,21.76833333,21.70598456798942
737,22.09533333,22.31247477475926
738,27.4925,26.476952512642853
739,25.00166667,25.208075434966034
740,21.15266667,20.898742962355556
741,20.49416667,20.429170876073233
742,22.291999999999998,22.27496587611468
743,24.29166667,24.38397052539814
744,20.84533333,21.419074073888893
745,24.97583333,24.831474866746035
746,20.91916667,20.915108930370373
747,16.03916667,17.49090740888889
748,20.66083333,21.331805558333333
749,19.07466667,19.418430556111115
750,19.15916667,19.999120367777778
751,23.72166667,24.792685183333333
752,18.03866667,15.662277448378306
753,19.26666667,19.311963478185184
754,27.58416667,26.119864970324077
755,18.90333333,19.70821990861111
756,17.03583333,17.130006086850855
757,22.27916667,22.455910493703705
758,17.41466667,18.9171121944398
759,17.0025,18.328120372916672
760,25.12,25.164127104890675
761,16.25933333,16.476675926666665
762,14.30866667,13.97142592833333
763,20.781999999999996,21.234620368888894
764,24.68533333,24.480768517777786
765,29.07833333,28.71101851777777
766,21.70833333,22.25828703555555
767,23.40866667,22.846469134999992
768,20.78,21.029574075555555
769,15.17333333,16.153157075642856
770,19.37866667,18.53434487476931
771,17.24333333,17.34112345712346
772,24.23666667,24.209629628333335
773,27.63416667,27.07870370111111
774,23.7825,23.863388483864636
775,28.93583333,28.264490738888885
776,17.5875,17.745101595712963
777,22.02266667,22.125685184444436
778,15.33416667,16.196199209647435
779,19.00666667,18.98659370718434
780,25.65833333,24.639185039409178
781,25.57133333,25.91631356180719
782,20.53583333,19.395495370555555
783,22.43066667,20.192634258333335
784,23.35916667,23.173287036666675
785,16.21083333,16.106882716249995
786,18.9575,18.001222224444444
787,22.99466667,22.106602624537032
788,17.14666667,16.168495732710525
789,25.91416667,24.415537036111115
790,22.26833333,22.34569444388889
791,16.16833333,16.09929629661111
792,22.93833333,23.39124563555864
793,16.03916667,14.70378704
794,22.951999999999998,21.958707938015873
795,15.8175,15.97795370472222
796,22.69916667,22.98683487537037
797,24.3025,23.99593981444445
798,25.94,25.542074073333335
799,20.99583333,21.17413117212963
800,23.61583333,24.069555554999997
801,23.61583333,23.475800504410778
802,16.95416667,16.725855709500003
803,16.27583333,16.451259257920633
804,15.54,15.638333333888893
805,21.86,22.00446212055556
806,21.08733333,21.13762037055556
807,20.84833333,21.03351851833333
808,24.3825,24.150568766805996
809,19.19916667,18.24635668745371
810,20.9425,20.98143518333333
811,19.22066667,19.051481482777778
812,24.23833333,24.732935334287472
813,15.46416667,15.885126158194444
814,23.25166667,21.51287036944445
815,15.45333333,15.492231482888887
816,25.42916667,24.867634259285712
817,17.94833333,18.061027540023492
818,22.04733333,21.747899690555556
819,24.49166667,25.01796759388889
820,23.3775,22.118888889722225
821,19.31666667,20.091270577907405
822,27.24083333,27.43314814888889
823,20.86916667,21.108335241651396
824,19.76266667,19.273805126942932
825,16.98833333,18.062540163835976
826,16.22,16.66636948839451
827,16.60083333,16.4893878597009
828,23.93416667,23.456541666944442
829,15.854000000000001,15.972666664444441
830,18.38733333,17.933509258888886
831,20.96933333,20.95997531018519
832,20.26416667,19.964969415252526
833,23.26333333,22.378611108333327
834,21.09866667,21.270384014159355
835,13.98733333,16.865546295
836,17.02066667,18.236798613333335
837,23.166,23.040370370555557
838,25.43416667,24.94387314866667
839,18.24133333,19.069931481222216
840,23.23466667,23.317810229116404
841,17.30083333,17.296655985842904
842,26.070999999999998,25.437577159814808
843,16.62666667,19.071774367602337
844,20.11,20.256712963333335
845,19.13916667,19.064653468021607
846,16.6225,17.006771605370375
847,22.76083333,22.851300925129635
848,19.22333333,19.81498206868725
849,22.73083333,23.02173662677778
850,18.60416667,18.702642174822643
851,21.24583333,21.36650925777778
852,15.41,15.529094270926866
853,15.09733333,15.034064813888888
854,23.35166667,23.016861109999994
855,22.22333333,22.13931481388889
856,25.055,25.091565972500003
857,26.52416667,26.4052954849355
858,15.61916667,15.706620499723764
859,25.3975,25.48522479587963
860,22.28,22.148981482222226
861,15.485,15.395594275594688
862,21.06333333,21.342666666111107
863,15.21,15.385440610290402
864,22.73,23.293564813333333
865,16.57666667,16.81340740722222
866,15.258,15.938453701666665
867,22.55,19.302845513920023
868,18.55916667,18.629454823885517
869,22.9825,23.160902777878782
870,16.64916667,16.428217593923613
871,23.6725,24.852007354792736
872,20.1975,20.3876912480291
873,15.60333333,15.609464287137676
874,21.4825,21.57157407407408
875,19.01,17.970008485833333
876,24.43,24.370740740555554
877,26.07583333,25.649120368333328
878,21.39916667,20.55618518416667
879,16.445,16.526603070435673
880,20.72416667,20.794262311980646
881,21.46666667,21.58887962833334
882,22.91583333,22.918541664360266
883,22.24133333,21.886629629999998
884,23.67733333,23.601325822246917
885,20.29416667,20.50020833481482
886,22.76333333,23.046953704444444
887,23.15833333,23.469152421652424
888,17.42416667,17.562175183935782
889,21.79583333,22.079274692499993
890,22.73533333,22.74989402850763
891,15.69833333,15.666051698313607
892,14.15133333,15.213240740555554
893,20.63083333,20.682655351765433
894,16.59833333,16.66002237952778
895,19.0225,18.98436311952622
896,21.56333333,22.165035185111112
897,21.42333333,21.461842594444438
898,26.68416667,27.063166665000004
899,22.002,21.891740738888892
900,21.805,21.87720061657407
901,16.31333333,16.47920370277778
902,17.025,17.33919830172222
903,22.092,22.55328703666667
904,23.275,22.92431713065657
905,24.6175,25.292449663984847
906,15.0725,15.504000165483193
907,21.23333333,21.078311726481488
908,19.0675,19.145652695868826
909,17.34416667,17.293397928354935
910,14.9275,15.389009257777778
911,22.725,23.308148149444445
912,27.71333333,27.982314817777777
913,16.04166667,16.613935185
914,23.37,22.10796296222222
915,18.56066667,18.91806481333333
916,21.03333333,21.459718729478556
917,20.01,20.054490739444436
918,15.67583333,15.682529320134257
919,26.39083333,26.0341927082607
920,17.42083333,17.86664814722222
921,23.31833333,22.944805557777777
922,25.15166667,24.58039814722222
923,23.05833333,22.708490740555554
924,21.5875,21.466811322015594
925,22.89666667,23.62488683104938
926,19.99666667,20.19161221378307
927,16.83333333,17.283098851732905
928,16.03916667,16.158819447222218
929,23.40083333,23.734722224444447
930,21.64083333,21.724731480277775
931,23.09,22.70518251149225
932,16.21583333,16.30659105
933,27.76416667,26.56107884340909
934,23.86866667,24.247799001425932
935,16.8525,16.43537037
936,18.88583333,18.35302778
937,21.08083333,20.820527778194442
938,25.738000000000003,25.374774912030418
939,16.83416667,16.822684414805554
940,22.354,22.422273828171328
941,23.9675,23.843322219555557
942,18.145,18.327441667185187
943,17.16133333,17.258055114814812
944,20.64666667,20.54213825296296
945,17.49416667,17.307759128303008
946,16.77833333,16.707379629444446
947,20.73916667,20.494699075370377
948,22.12666667,21.93301851981481
949,15.93666667,15.67367240050276
950,22.20166667,22.21634259388889
951,28.945,27.83393518444444
952,26.0675,25.766048755904386
953,19.0375,18.558998457268515
954,24.48083333,24.617224955375224
955,28.52916667,28.201759257777777
956,16.38583333,16.41194444222222
957,18.15583333,18.34749537151852
958,24.61583333,25.259722222222223
959,16.21083333,16.36574074333333
960,23.43583333,24.19523148333334
961,18.5625,18.571574073000004
962,20.91666667,20.220283249065655
963,19.02,19.265173770048328
964,21.37666667,21.389675928333332
965,25.295,24.875611112407412
966,22.73916667,22.625324072777772
967,22.34533333,22.34684567777778
968,23.61333333,23.396203702888894
969,25.54416667,25.465951390972222
970,23.98333333,24.336259261685186
971,22.35166667,22.392277778888886
972,24.7625,25.057339631410482
973,17.07416667,17.124250003333334
974,20.56666667,18.29921296296296
975,26.18833333,25.400394598092593
976,20.41666667,18.932192619145003
977,19.16,19.234888806979935
978,24.305999999999997,24.444014273063274
979,24.57333333,24.30914491479865
980,19.75416667,19.998333334999998
981,18.355,18.32289991374999
982,21.45333333,21.43093169284893
983,28.6875,26.820208830863095
984,23.51916667,23.73734911748737
985,21.4375,21.24275925833333
986,19.4775,19.670818181919188
987,18.74916667,18.859577547361113
988,26.71666667,26.82802777777777
989,23.18916667,23.1473603399537
990,19.44916667,19.469122299930557
991,20.26166667,20.83413888888889
992,21.1225,20.994742563122895
993,17.46083333,18.74545833388889
994,25.05083333,24.856342593333334
995,25.43333333,23.524722223888894
996,15.54666667,15.559259260000001
997,17.65416667,17.560760086281945
998,16.91083333,17.10694058759259
999,20.08833333,20.122515431148152
1000,21.86333333,22.65723148166667
1001,16.14833333,17.16550925892361
1002,17.66416667,21.650148148333336
1003,19.46083333,19.41033632772059
1004,17.55,17.88051494631746
1005,21.72133333,21.99582222361111
1006,23.241999999999997,22.639953703333326
1007,16.93166667,16.93664814964815
1008,28.17916667,28.499305555000003
1009,19.51,19.74146296444444
1010,20.60166667,20.392777778425923
1011,22.682,22.64155555555556
1012,29.1475,28.878916670000006
1013,21.24333333,20.46655452524691
1014,16.41666667,16.80822222055556
1015,20.94166667,21.04240740555555
1016,21.938000000000002,22.024296295000003
1017,19.972,19.21841643094756
1018,24.21416667,24.15776328308761
1019,25.10416667,24.8811437400053
1020,22.21,22.185831275771605
1021,21.26066667,21.06614814888889
1022,19.665,19.21325925888889
1023,23.63266667,23.20437037055556
1024,15.685,16.035554179898792
1025,22.6325,23.016759257777775
1026,25.245,24.659816637864477
1027,24.51416667,24.886089189450175
1028,24.68833333,24.39513889055555
1029,26.2825,25.976990737777776
1030,25.881999999999998,25.585712962222225
1031,16.15583333,16.42846588526474
1032,28.12416667,25.199773148333332
1033,17.90466667,18.942939501618827
1034,25.0725,25.22679089324074
1035,16.25,16.24345756330092
1036,22.4775,22.34658642148148
1037,19.116,17.95560908222487
1038,25.25333333,24.41889043185185
1039,21.74416667,21.788752644960322
1040,17.24,17.438779433850968
1041,16.9675,17.038668271593078
1042,24.2375,24.525646988541666
1043,16.22583333,17.04354023813144
1044,25.12166667,26.379654320925926
1045,28.41,28.095879632222225
1046,22.9,23.994123147166665
1047,23.20866667,23.55600661431217
1048,14.97,15.076018518888889
1049,15.28583333,15.302189757225458
1050,24.142,24.24537551579012
1051,17.86833333,18.037657408333335
1052,18.945,18.96245612821693
1053,16.82416667,17.70999809924253
1054,19.85916667,19.77441878077844
1055,18.92166667,17.900406633611112
1056,20.59166667,20.188453704111108
1057,16.85083333,16.931736365391735
1058,17.12833333,17.000323921136513
1059,19.90666667,20.025185186666665
1060,26.40666667,25.042749229907407
1061,20.40533333,20.23289898878788
1062,12.96833333,13.895888891111108
1063,22.89666667,23.53170679166666
1064,22.2,22.190845679537034
1065,22.9475,23.084623102670946
1066,14.3825,14.598962962777778
1067,21.68933333,21.606601851666667
1068,28.72333333,28.061074075000004
1069,21.2325,21.10319444333333
1070,21.31166667,21.605070434631582
1071,20.58416667,20.54453317951852
1072,19.41333333,19.687075030917327
1073,15.38666667,15.551276456661489
1074,20.75,21.203117282222227
1075,23.51083333,24.621071257243052
1076,15.7875,15.80316953580964
1077,20.344,19.58420370388889
1078,15.545,15.393172716920693
1079,23.28733333,22.757807679791153
1080,22.40266667,23.108629630555555
1081,17.8625,17.93963571936146
1082,19.6375,19.54813057044445
1083,26.12666667,25.316817264362744
1084,23.56466667,22.498279321944445
1085,23.59,23.213790122962962
1086,23.53166667,23.58154124607744
1087,24.585,24.061857252506616
1088,22.57533333,22.3149611125
1089,23.34416667,23.19757021615741
1090,26.85866667,26.594331430463374
1091,19.38333333,19.70259773781481
1092,23.55833333,24.488031481944443
1093,17.45,17.72035288234568
1094,17.10833333,17.276040481305554
1095,23.86083333,24.26291666611111
1096,22.85533333,22.736953418942615
1097,25.49833333,24.78393518555556
1098,17.38333333,17.326851851666667
1099,18.4225,18.533268076898384
1100,24.6825,24.94493400855058
1101,22.618000000000002,22.493718091868164
1102,23.60933333,23.456395884524696
1103,15.9625,15.785610338697865
1104,16.465,16.547598165856748
1105,16.88083333,17.483383074824072
1106,14.61666667,15.146287037500002
1107,16.2275,16.290453701111115
1108,20.76416667,21.24764225580808
1109,21.95833333,22.61851852055556
1110,23.97533333,24.190630688857144
1111,23.92066667,24.416120372796296
1112,23.72833333,24.291961265259257
1113,17.60416667,17.5118132712963
1114,24.87866667,24.779681921465446
1115,12.845,14.817092591666665
1116,20.91083333,20.670414351944444
1117,18.05916667,19.84787963
1118,23.87333333,24.277410493333335
1119,16.97166667,17.098572786289786
1120,20.03066667,17.45264814944445
1121,20.996,21.236250000000002
1122,24.34083333,23.766631480796296
1123,23.56583333,23.3320416655
1124,20.535,20.535462960555556
1125,21.19666667,22.702509258333333
1126,21.47583333,21.518564815555557
1127,15.49583333,15.516673231642917
1128,15.7325,15.788990300291008
1129,25.09916667,23.842565277888884
1130,16.90333333,17.344809799845677
1131,16.02,16.28736557539436
1132,16.93833333,17.02308964458261
1133,19.77833333,19.00060185222222
1134,22.576,20.903629627777782
1135,15.53416667,15.589768520555554
1136,19.19333333,19.490671297222228
1137,21.342,19.98988611144445
1138,18.59666667,19.134685791961683
1139,20.11583333,20.19879629666667
1140,23.74666667,23.726089858042926
1141,18.63666667,18.90126758139057
1142,17.69666667,17.528472984727046
1143,18.99416667,18.83211489586684
1144,23.29866667,23.3591330676627
1145,19.39583333,18.973787037708334
1146,22.21833333,22.196296296666674
1147,20.81583333,22.88841378583025
1148,18.09666667,18.23443326373766
1149,17.53333333,17.537541169772847
1150,26.09066667,26.30787899366831
1151,19.55333333,19.429185187777776
1152,22.99333333,21.653037037777782
1153,26.5375,26.46499999777778
1154,21.305,21.37661456444152
1155,16.41416667,16.86140046486111
1156,16.49,16.836785053116735
1157,15.86083333,15.735370370555557
1158,16.95916667,17.23171693900393
1159,19.254,19.518444444444444
1160,19.185,17.816432097222222
1161,18.85583333,18.82215470418982
1162,20.758000000000003,20.799444445555558
1163,17.70133333,17.585061727407407
1164,15.73583333,15.680775150779985
1165,16.03916667,15.807754629999998
1166,23.4125,22.8430092589899
1167,26.74166667,26.353897203483122
1168,25.60333333,25.396944891628856
1169,18.50933333,19.31940962846667
1170,21.74866667,22.21151851777778
1171,20.37466667,20.901207408541666
1172,19.60166667,18.787883950370368
1173,26.29916667,26.117184563163306
1174,26.64333333,26.31527777666667
1175,21.29416667,21.451435187222216
1176,21.67166667,21.503956790129628
1177,23.98083333,23.062194443333333
1178,16.21666667,16.149900792698414
1179,26.15416667,24.38007870263889
1180,23.575,24.1042238376552
1181,22.30666667,23.19005555388888
1182,21.95733333,22.441092593333334
1183,23.44333333,23.675594907083337
1184,23.18166667,23.327814712333332
1185,15.5425,15.373831672377097
1186,24.63083333,24.490066252208425
1187,20.79333333,21.016079781983432
1188,26.20333333,24.92422222277778
1189,20.76,20.510018776820985
1190,28.9825,27.92001852166667
1191,25.43333333,25.034442606922397
1192,15.2,15.369712962777779
1193,25.42583333,24.47205864296296
1194,24.3225,24.095049273406083
1195,25.72833333,26.165277779444445
1196,16.8775,17.086898148333333
1197,24.16333333,24.1483603164127
1198,23.7825,23.706243637859178
1199,17.80066667,16.95940740777778
1200,19.3325,20.143446502407407
1201,15.825,15.711585335502207
1202,18.67933333,18.552527776111106
1203,17.77416667,17.735246932752787
1204,24.84916667,24.53804107036681
1205,23.59083333,24.110119578079367
1206,22.268,22.221287036111114
1207,15.265,15.770990740555558
1208,14.66666667,15.416601851666664
1209,20.19466667,17.526035495185187
1210,25.59666667,25.479530387641315
1211,27.19,27.24194444666667
1212,19.235,19.707300446296294
1213,19.12083333,19.924824660909476
1214,23.1275,23.41918783065873
1215,22.43,21.68291666666666
1216,22.184,22.80440740666667
1217,17.08333333,17.287983765681393
1218,28.83166667,28.56180555555555
1219,24.374000000000002,24.44016550805401
1220,27.28,27.214537038333336
1221,24.4525,24.605078704740738
1222,23.10866667,22.54492592611111
1223,23.22083333,23.2181712955
1224,21.57083333,21.729629630555557
1225,16.025,16.05073148111111
1226,21.35866667,21.205948147638892
1227,15.74166667,15.71078211966124
1228,20.30666667,20.54681944388889
1229,19.405,19.87560802462963
1230,21.53916667,21.95513889
1231,24.32333333,24.81074074222222
1232,25.68416667,26.000797337621812
1233,21.83133333,21.793055555000002
1234,22.04416667,21.998472223888893
1235,16.81083333,17.045407408425923
1236,24.725,23.482824074444448
1237,17.24266667,17.388333336111106
1238,22.34416667,22.04875
1239,18.686,18.41140138255732
1240,25.4125,24.97249382814815
1241,16.40583333,16.768120474909196
1242,18.59416667,18.511705631319447
1243,24.4775,24.253962962592592
1244,27.62916667,26.122083332777777
1245,14.6825,14.730231479444448
1246,18.866,18.19457481645857
1247,19.48583333,19.687075030917327
1248,18.66733333,18.803497053017676
1249,23.18066667,23.268444442777778
1250,18.3725,18.360413417214495
1251,25.84333333,24.506360963853616
1252,23.91583333,23.843322219555557
1253,23.16666667,23.201950259745015
1254,21.93,21.932349076777776
1255,20.25333333,20.385987546362433
1256,23.365,23.275620373333332
1257,24.04083333,24.337906094201387
1258,16.46,16.795962983113363
1259,22.8475,24.03595370388889
1260,28.02083333,27.839500001666675
1261,20.76866667,20.79766666444444
1262,14.97666667,14.992361111111116
1263,23.33666667,23.622194035332726
1264,19.21333333,19.29672222277778
1265,26.06133333,25.77371913621693
1266,17.03083333,17.138129669576717
1267,14.95466667,16.08137962777778
1268,19.8325,19.74736653215939
1269,18.16333333,17.8396759237037
1270,18.35666667,17.947962960925924
1271,16.615,16.658142808638495
1272,16.60416667,16.549050927777778
1273,16.90416667,17.04825779400582
1274,14.71583333,14.95842592555556
1275,25.73933333,24.57212963009259
1276,18.87416667,18.67359259111111
1277,20.22666667,20.0022508410101
1278,18.558,18.308951940493593
1279,23.8825,22.895666666111108
1280,24.99833333,24.870402999449745
1281,22.374000000000002,21.747722222222222
1282,23.14,23.00551388966667
1283,16.3525,16.449924471908187
1284,25.07666667,25.3943928576455
1285,18.6475,18.724978884932042
1286,16.71866667,17.039731480555556
1287,18.33066667,17.573967591805555
1288,23.18666667,23.41402777805556
1289,15.04166667,15.446444444444445
1290,16.12416667,16.04648148185185
1291,25.13666667,24.732308789157845
1292,27.6425,25.731173867345678
1293,16.78166667,16.736309465491143
1294,21.21166667,21.274855301867447
1295,23.21083333,21.697666666666674
1296,19.75916667,19.401680556111113
1297,17.07166667,17.018672325419754
1298,21.706,22.574341974916667
1299,16.6175,16.626482859968217
1300,21.22733333,21.264108022777776
1301,21.36833333,23.499201852111113
1302,24.65333333,24.00914043224867
1303,16.12583333,15.929135802592592
1304,25.40666667,24.90594037662037
1305,28.39416667,27.983120370555557
1306,21.05916667,20.95252134751543
1307,22.1475,21.981967593749992
1308,15.09916667,15.441611722757337
1309,17.6875,17.71396346029762
1310,25.40666667,25.51407407333333
1311,19.15866667,18.11146274003063
1312,19.52583333,19.453138503819442
1313,15.89,15.604860888437944
1314,14.17333333,14.351990739444444
1315,16.03,15.890215276638887
1316,20.86333333,22.451981482777775
1317,17.74916667,17.426064814444445
1318,18.18666667,18.386638917135397
1319,21.98866667,20.307415032581698
1320,24.12666667,23.92664311018457
1321,21.90866667,21.330346296481483
1322,16.64166667,16.64964917365764
1323,17.4625,17.537541169772847
1324,19.29916667,18.43870370222222
1325,22.76916667,23.656388890185188
1326,23.918000000000003,22.208013888796298
1327,22.68666667,22.542731480555556
1328,16.95916667,17.195420641781705
1329,22.9825,23.728958993492064
1330,23.62416667,23.370520834027772
1331,21.53133333,23.286064815
1332,25.11666667,25.441199072222222
1333,23.866,24.063721429746032
1334,20.84583333,20.770396090432094
1335,21.76916667,21.890987654722224
1336,16.015,16.475601961752204
1337,14.8,14.873462961666668
1338,17.55583333,17.658285488273396
1339,27.02083333,26.159407407777778
1340,16.03916667,17.029212965666662
1341,16.6725,16.58264969351852
1342,22.0675,22.19017592611111
1343,21.50133333,21.585592593333335
1344,24.67666667,24.934100809925322
1345,18.4975,18.78059371444108
1346,25.072,25.614124337460318
1347,17.53416667,17.482152778796294
1348,24.12166667,23.827222222222225
1349,19.12166667,19.080698304537037
1350,15.2875,15.337758366531808
1351,22.425,22.413842591666665
1352,25.00166667,24.625833334953704
1353,21.3625,21.43569444462963
1354,24.27083333,23.862314815555564
1355,16.03916667,15.57395061888889
1356,21.06583333,20.91840200601852
1357,24.58666667,22.641712964444444
1358,20.8325,20.747409722592593
1359,19.06583333,19.217289829380732
1360,18.99833333,18.925462961944444
1361,27.06083333,27.078611112222223
1362,22.15583333,22.35855471222222
1363,24.97833333,25.379768519444443
1364,18.315,18.17166841291335
1365,16.53416667,16.485530290668198
1366,21.79583333,21.823194443888887
1367,15.18583333,15.223888889444444
1368,23.39833333,23.43759259232323
1369,22.575,22.417842593333333
1370,22.964000000000002,23.04889259383334
1371,20.86466667,20.846472223472222
1372,18.0325,18.24419670564483
1373,23.918000000000003,23.432679012222227
1374,16.0175,16.701117285314815
1375,19.91533333,20.030203704999995
1376,17.65333333,17.729468803170878
1377,27.3675,26.02637654185185
1378,22.87833333,23.309675922777775
1379,16.0225,16.124117480249218
1380,15.806,17.043780092638894
1381,16.57416667,16.633243830153845
1382,23.85083333,24.228333334444446
1383,18.36333333,17.384466908353275
1384,22.54666667,22.473305556111114
1385,24.23533333,24.240985083876538
1386,21.41866667,21.144333331666665
1387,18.24833333,18.63105468561238
1388,16.59,16.93171152322401
1389,21.97416667,22.158796296666665
1390,23.89083333,23.83931025444868
1391,22.22,22.345555556666664
1392,26.70333333,25.41553055716667
1393,18.89333333,18.690032707470962
1394,22.05133333,23.128699074305555
1395,17.612000000000002,17.39750925888889
1396,19.82733333,19.036010436922513
1397,19.22666667,18.343297621190473
1398,22.035,21.988805555833338
1399,16.3975,17.227236111145835
1400,20.06066667,20.424648148333333
1401,15.01133333,15.052796297222223
1402,22.99866667,22.751709876203698
1403,18.4975,18.849194445444443
1404,25.88416667,26.337409858084968
1405,21.4825,20.173111953232322
1406,20.38083333,18.26209259303704
1407,15.1275,15.517055555555556
1408,23.76583333,23.450958332037036
1409,16.29,16.182777775555554
1410,29.205,28.523611110555553
1411,16.96916667,17.409867529744776
1412,16.0875,16.26233835867826
1413,21.28,21.236870370555557
1414,18.43333333,18.782215884623724
1415,26.23166667,25.810231480555558
1416,19.35666667,19.782054011944442
1417,20.35066667,18.61955555611111
1418,21.09733333,20.210796297777776
1419,23.47166667,25.30143518444445
1420,23.95166667,23.597537036666658
1421,23.13416667,21.109425924999996
1422,17.59416667,17.32003990373677
1423,20.92166667,21.405120370079363
1424,21.11583333,21.11654629555556
1425,19.18133333,18.749160631767207
1426,23.635,23.35539660481482
1427,18.95,19.077131929626084
1428,23.30083333,23.332169311547617
1429,24.024,24.402336247243113
1430,17.095,16.247436982097486
1431,20.66333333,20.676404321851855
1432,18.89466667,18.864967080679012
1433,19.28466667,18.42786679201111
1434,15.54583333,15.340707497225534
1435,16.79666667,17.053372669265638
1436,28.06333333,27.62849999944444
1437,22.95533333,22.660027663978866
1438,21.344,21.303129629444445
1439,20.165,19.962731483888895
1440,19.99583333,20.363645835370374
1441,18.595,18.343968108456792
1442,25.25916667,24.906454323018522
